Platform Name,Account URL / Handle,Action Needed,Brand,Branding Status,Current Status,Linked Email,Notes,Platform Category,Priority Level,Username,Verification Status
Pinterest — Nivy Digital,https://in.pinterest.com/digitalnivy/,Update Branding,Nivy Digital,Incomplete,Active,digitalnivy@gmail.com,Board descriptions missing,Social Media,Medium,digitalnivy,Not Verified
Justdial,,Update Branding,Nivy Tax & IT,Unknown,Active,,Record URL,Business Directory,Medium,,Not Verified
Reddit — Nivy Tax & IT,,Update Branding,Nivy Tax & IT,Unknown,Active,nivyindia@gmail.com,Log in and record URL,Social Media,Medium,,Not Verified
Ensun — Nivy Tax & IT,https://app.ensun.io/profile,None,Nivy Tax & IT,Unknown,Active,,Password: Bdu@12345,Business Directory,Medium,,Not Verified
Ambitionbox — Nivy Tax & IT,,Update Branding,Nivy Tax & IT,Unknown,Not Created,,Create profile,Business Directory,Medium,,Not Verified
GoodFirms — Nivy Digital,https://account.goodfirms.co/manage/settings/profile/edit,Update Branding,Nivy Digital,Incomplete,Active,digitalnivy@gmail.com,"Reviews, portfolio to add",Business Directory,High,,Not Verified
Trustpilot — Nivy Tax & IT,https://www.trustpilot.com/review/thenivy.com,Verify Recovery,Nivy Tax & IT,Unknown,Login Broken,nivyindia@gmail.com,High priority — client-facing,Business Directory,Critical,,Unknown
F6S,https://www.f6s.com/nivy-india,Update Branding,Nivy Tax & IT,Unknown,Active,,,Business Directory,Medium,,Not Verified
GlobalLinker — Nivy Digital,,Verify Recovery,Nivy Digital,Unknown,OTP Issue,digitalnivy@gmail.com,Fix OTP,Business Directory,Critical,,Unknown
DesignRush — Nivy Digital,,Update Branding,Nivy Digital,Unknown,Active,digitalnivy@gmail.com,URL not recorded,Business Directory,Medium,,Not Verified
Agency Vista,,Verify Recovery,Nivy Tax & IT,Unknown,Login Issue,,Fix login,Business Directory,High,,Unknown
YourStory — Nivy Tax & IT,https://yourstory.com/search,Verify Recovery,Nivy Tax & IT,Unknown,Login Issue,,Multiple VA reports,Business Directory,High,,Unknown
Discord — Nivy Tax & IT,,Update Branding,Nivy Tax & IT,Unknown,Active,nivyindia@gmail.com,Log in and record URL,Social Media,Medium,,Not Verified
Facebook — Nivy Digital,,Update Branding,Nivy Digital,Unknown,Active,digitalnivy@gmail.com,Record URL,Social Media,High,,Not Verified
Snapchat — Nivy Tax & IT,,Update Branding,Nivy Tax & IT,Unknown,Active,nivyindia@gmail.com,Log in and record URL,Social Media,Low,,Not Verified
Coffeemug — Nivy Digital,,Verify Recovery,Nivy Digital,Unknown,Mobile Issue,digitalnivy@gmail.com,Use different number,Business Directory,High,,Unknown
GlobalLinker — Nivy Tax & IT,https://seller.globallinker.com/v2/profile_edit.php,Verify Recovery,Nivy Tax & IT,Unknown,OTP Issue,,Affects all brands,Business Directory,Critical,,Unknown
Crunchbase — Nivy Digital,https://www.crunchbase.com/organization/nivy-digital-d7d9,Update Branding,Nivy Digital,Incomplete,Active,digitalnivy@gmail.com,Verify accuracy,Business Directory,Medium,,Not Verified
Pinterest — Nivy Tax & IT,,Update Branding,Nivy Tax & IT,Unknown,Active,nivyindia@gmail.com,Log in and record URL,Social Media,Medium,,Not Verified
Worksheet NivyTax (Client Tracker),https://docs.google.com/spreadsheets/d/1lepWWgeODd8uiyy3UmSvI9q32HWTl8BrN2NTkWG5uH4,None,Nivy Core,,Active,nivyindia@gmail.com,Client work tracker — all services,Domain / Hosting / Website,Critical,,
Tumblr — Nivy Tax & IT,,Update Branding,Nivy Tax & IT,Unknown,Active,nivyindia@gmail.com,Log in and record URL,Social Media,Low,,Not Verified
Medium — Nivy Tax & IT,,Update Branding,Nivy Tax & IT,Unknown,Active,nivyindia@gmail.com,Log in and record URL,Social Media,Medium,,Not Verified
YourStory — Nivy Digital,,Verify Recovery,Nivy Digital,Unknown,Login Issue,digitalnivy@gmail.com,Fix login,Business Directory,High,,Unknown
Coffeemug — Nivy Tax & IT,,Verify Recovery,Nivy Tax & IT,Unknown,Mobile Issue,,Use different number,Business Directory,High,,Unknown
DesignRush — Nivy Tax & IT,,Update Branding,Nivy Tax & IT,Unknown,Active,,Record URL,Business Directory,Medium,,Not Verified
Medium — Nivy Digital,https://medium.com/@digitalnivy,Update Branding,Nivy Digital,Incomplete,Active,digitalnivy@gmail.com,"Posts, bio needed",Social Media,Medium,@digitalnivy,Not Verified
Indiamart,,Update Branding,Nivy Tax & IT,Unknown,Active,,Record URL,Business Directory,Medium,,Not Verified
TechReviewer — Nivy Tax & IT,,Security Audit,Nivy Tax & IT,Unknown,Blocked,,Email already used,Business Directory,High,,Unknown
Instagram — Nivy Tax & IT,https://www.instagram.com/nivyindia,Update Branding,Nivy Tax & IT,Incomplete,Active,nivyindia@gmail.com,"Bio link, highlights, content audit needed",Social Media,High,nivyindia,Not Verified
Quora — Nivy Tax & IT,,Update Branding,Nivy Tax & IT,Unknown,Active,nivyindia@gmail.com,Log in and record URL,Social Media,Medium,,Not Verified
YouTube — Nivy Tax & IT,,Update Branding,Nivy Tax & IT,Unknown,Active,nivyindia@gmail.com,Log in and record URL,Social Media,High,,Not Verified
Tumblr — Nivy Digital,https://www.tumblr.com/blog/digitalnivy,Update Branding,Nivy Digital,Incomplete,Active,digitalnivy@gmail.com,Description missing,Social Media,Low,digitalnivy,Not Verified
Digg — Nivy Digital,https://digg.com/@nivy-digital,Update Branding,Nivy Digital,Incomplete,Active,digitalnivy@gmail.com,Bio needed,Social Media,Low,@nivy-digital,Not Verified
Facebook — Nivy Tax & IT,https://www.facebook.com/nivyindia,Update Branding,Nivy Tax & IT,Incomplete,Active,nivyindia@gmail.com,"Cover photo, pinned post, CTA button needed",Social Media,High,nivyindia,Not Verified
Superbcompanies — Nivy Tax & IT,https://superbcompanies.com/,None,Nivy Tax & IT,Unknown,Active,,,Business Directory,Low,,Not Verified
Google Drive — 04 Sales & Marketing,https://drive.google.com/drive/folders/1b-ApiE7S-DFRxgPmA568iHtebfSi2IZ7,None,Nivy Core,,Active,nivyindia@gmail.com,,Domain / Hosting / Website,Critical,,
Crunchbase — Nivy Tax & IT,https://www.crunchbase.com/organization/nivy-accounting-services-1ffb,Update Branding,Nivy Tax & IT,Incomplete,Active,nivyindia@gmail.com,"No portfolio, no reviews",Business Directory,Medium,,Not Verified
TechBehemoths — Nivy Tax & IT,https://techbehemoths.com/company/nivy-accounting-services,Update Branding,Nivy Tax & IT,Incomplete,Active,nivyindia@gmail.com,"Weak portfolio, 0 reviews, incomplete services",Business Directory,Critical,,Not Verified
LinkedIn — Nivy Digital,,Update Branding,Nivy Digital,Unknown,Active,digitalnivy@gmail.com,Record URL,Social Media,High,,Not Verified
LinkedIn — Nivy Tax & IT,,Verify Recovery,Nivy Tax & IT,Unknown,Active,nivyindia@gmail.com,Log in and record URL,Social Media,Critical,,Not Verified
Telegram — Nivy Digital,,Verify Recovery,Nivy Digital,Unknown,Suspended,,Phone number issue,Messaging & Communication,High,,Not Verified
Reddit — Nivy Digital,https://www.reddit.com/user/Equivalent-Tale-9298/,Security Audit,Nivy Digital,Unknown,Suspended,digitalnivy@gmail.com,Recover or create new account,Social Media,Critical,Equivalent-Tale-9298,Suspended
NivyIndia Company Drive (Root),https://drive.google.com/drive/folders/1FqvbOetqroB_pvymXwhJl6ou4I6ChWqx,None,Nivy Core,,Active,nivyindia@gmail.com,Master company folder,Domain / Hosting / Website,Critical,,
Product Hunt — Nivy Digital,https://www.producthunt.com/@nivy_digital,Update Branding,Nivy Digital,Incomplete,Active,digitalnivy@gmail.com,Product listing quality to check,Business Directory,Medium,@nivy_digital,Not Verified
Twitter / X — Nivy Tax & IT,https://x.com/NivyIndia,Update Branding,Nivy Tax & IT,Incomplete,Active,nivyindia@gmail.com,"Bio, pinned tweet audit needed",Social Media,High,NivyIndia,Not Verified
Ambitionbox — Nivy Digital,,None,Nivy Digital,Unknown,Active,digitalnivy@gmail.com,Done per VA sheet,Business Directory,Low,,Not Verified
Discord — Nivy Digital,https://discord.com/channels/@me,Security Audit,Nivy Digital,Unknown,Active,digitalnivy@gmail.com,Server setup status unknown,Social Media,Medium,,Not Verified
TechReviewer — Nivy Digital,,Verify Recovery,Nivy Digital,Unknown,Email Conflict,digitalnivy@gmail.com,Fix email issue,Business Directory,High,,Unknown
Telegram — Nivy Tax & IT,,None,Nivy Tax & IT,Unknown,Not Created,,Phone number issue — fix first,Messaging & Communication,High,,Not Verified
Instagram — Nivy Digital,https://www.instagram.com/digit_al9216/,Update Branding,Nivy Digital,Incomplete,Active,digitalnivy@gmail.com,"Bio, highlights audit needed",Social Media,High,digit_al9216,Not Verified
TikTok — Nivy Tax & IT,,Update Branding,Nivy Tax & IT,Unknown,Active,nivyindia@gmail.com,Log in and record URL,Social Media,Low,,Not Verified
Twitter / X — Nivy Digital,https://x.com/NivyD48353,Update Branding,Nivy Digital,Incomplete,Active,digitalnivy@gmail.com,Bio audit needed,Social Media,Medium,NivyD48353,Not Verified
TechBehemoths — Nivy Digital,,Verify Recovery,Nivy Digital,Unknown,Email Conflict,digitalnivy@gmail.com,Fix email issue,Business Directory,High,,Unknown
GoodFirms — Nivy Tax & IT,https://www.goodfirms.co/company/nivy-accounting-services,Update Branding,Nivy Tax & IT,Incomplete,Active,nivyindia@gmail.com,0 reviews — request from clients,Business Directory,Critical,,Not Verified
Quora — Nivy Digital,https://www.quora.com/profile/Nivy-Digital,Update Branding,Nivy Digital,Incomplete,Active,digitalnivy@gmail.com,"Answers, bio needed",Social Media,Medium,Nivy-Digital,Not Verified
GMB (Google My Business),,Security Audit,Nivy Tax & IT,Unknown,Active,nivyindia@gmail.com,Verification status unknown,Business Directory,Critical,,Unknown
Superbcompanies — Nivy Digital,,Update Branding,Nivy Digital,Unknown,Active,digitalnivy@gmail.com,Record URL,Business Directory,Low,,Not Verified
Google Drive — 03 Client Management,https://drive.google.com/drive/folders/1D_wUeZ7zm_nQniLYUEyWNTBot3v7iFeS,None,Nivy Core,,Active,nivyindia@gmail.com,,Domain / Hosting / Website,Critical,,
YouTube — Nivy Digital,https://www.youtube.com/@NivyDigital,Update Branding,Nivy Digital,Incomplete,Active,digitalnivy@gmail.com,"Channel art, About section missing",Social Media,High,@NivyDigital,Not Verified
Ensun — Nivy Digital,https://app.ensun.io/profile,None,Nivy Digital,Unknown,Active,digitalnivy@gmail.com,,Business Directory,Medium,,Not Verified
