Brand Name,Brand Owner,Brand Type,Division Home,Markets,Notes,Priority,Status,Target Revenue
🎓 Nivy Academy,Founder,Service Brand,https://www.notion.so/b6ceb94b1a2a834f95a301fd9740d443,"Global, India",Education & certification. Shell only — Phase 6 coming soon build.,Shell,Coming Soon,
💼 Nivy Advisory,Founder,Service Brand,https://www.notion.so/995eb94b1a2a825dbda781b45121bdf6,"Australia, Canada, UAE, UK, USA","Accounting, tax, compliance advisory across 5 markets. Phase 6 priority 02.",P2 — Active Build,Active,
💼 Nivy Jobs,Founder,Service Brand,https://www.notion.so/e07eb94b1a2a82d1864b017964aa1d57,"India, UAE, UK",Recruitment & talent placement. Phase 6 priority 04.,P3 — Planning,In Planning,
🟧 Nivy Growth,Founder,Service Brand,,Global,Business plan only — needs conversion to live OS in Phase 6.,P3 — Planning,In Planning,
🔗 Nivy Nexus,Founder,Community,https://www.notion.so/9abeb94b1a2a8359b74881c2f7df6ff2,"India, UAE",Buyer-seller community platform. UAE outreach focus. Phase 6 priority 03.,P2 — Active Build,Active,
🤝 Nivy Alliance,Founder,Community,https://www.notion.so/626eb94b1a2a83fe991c014d31228b8b,Global,Partnership & franchise network. Shell only — Phase 6 coming soon build.,Shell,Coming Soon,
🌐 Nivy Global,Founder,Core Brand,https://www.notion.so/ca9eb94b1a2a8230ad5481ebfb3108b3,"Australia, Canada, Global, India, UAE, UK, USA",Parent company layer — all other brands inherit from here,P1 — Immediate,Active,
❤️ Nivy Care Foundation,Founder,Foundation,https://www.notion.so/99ceb94b1a2a82d18ec181645219395b,"Global, India",CSR arm. Shell only — Phase 6 coming soon build.,Shell,Coming Soon,
🚀 Nivy Next,Founder,Service Brand,https://www.notion.so/31beb94b1a2a83bba3970196a25c3793,"Australia, Canada, India, UAE, UK, USA",Digital marketing & VA services. Most content + most active. Phase 6 priority 01.,P1 — Immediate,Being Built,
